Date,Open,High,Low,Close,Volume
11/24/2022 13:30:00,14.99,15.2,14.99,15.18,15425000
11/25/2022 13:30:00,15.2,15.26,15.11,15.11,3369000
11/28/2022 13:30:00,15,15.06,14.98,15,930603
11/29/2022 13:30:00,14.98,15.11,14.95,15.1,491000
11/30/2022 13:30:00,15.02,15.18,15.02,15.18,464071
12/1/2022 13:30:00,15.3,15.4,15.3,15.33,737075
12/2/2022 13:30:00,15.3,15.33,15.27,15.32,523282
12/5/2022 13:30:00,15.32,15.46,15.31,15.4,789000
12/6/2022 13:30:00,15.35,15.37,15.09,15.14,538000
12/7/2022 13:30:00,15.05,15.12,14.97,15.05,705000
12/8/2022 13:30:00,15,15,14.88,14.97,1049000
12/9/2022 13:30:00,15.06,15.12,15.05,15.08,182000
12/12/2022 13:30:00,15.05,15.13,14.9,15.13,312000
12/13/2022 13:30:00,15.18,15.19,15.05,15.05,133000
12/14/2022 13:30:00,15.12,15.18,15.11,15.18,416000
12/15/2022 13:30:00,15.18,15.23,15.15,15.2,431000
12/16/2022 13:30:00,15.01,15.26,15,15.1,343000
12/19/2022 13:30:00,15.17,15.22,15.1,15.19,246000
12/20/2022 13:30:00,15.15,15.18,14.93,14.93,328000
12/21/2022 13:30:00,14.95,14.95,14.9,14.92,157000
12/22/2022 13:30:00,15.14,15.2,15.13,15.19,459000
12/23/2022 13:30:00,15.05,15.1,15.02,15.1,300050
12/26/2022 13:30:00,15.05,15.12,15.05,15.12,50000
12/27/2022 13:30:00,15.15,15.26,15.12,15.16,219070
12/28/2022 13:30:00,14.99,15.05,14.95,14.98,176000
12/29/2022 13:30:00,14.95,15.05,14.9,15.03,105166
12/30/2022 13:30:00,15.09,15.1,15.07,15.07,32100
1/3/2023 13:30:00,15.07,15.14,14.95,15.11,62000
1/4/2023 13:30:00,15.11,15.16,15.05,15.06,96000
1/5/2023 13:30:00,15.15,15.22,15.1,15.1,211000
1/6/2023 13:30:00,15.12,15.25,15.12,15.25,784000
1/9/2023 13:30:00,15.25,15.41,15.25,15.41,316010
1/10/2023 13:30:00,15.41,15.5,15.4,15.44,232054
1/11/2023 13:30:00,15.46,15.47,15.41,15.45,119000
1/12/2023 13:30:00,15.45,15.45,15.35,15.35,31000
1/13/2023 13:30:00,15.41,15.41,15.28,15.28,98295
1/16/2023 13:30:00,15.3,15.3,15.19,15.23,155000
1/17/2023 13:30:00,15.23,15.33,15.23,15.32,162000
1/30/2023 13:30:00,15.5,15.73,15.5,15.73,376100
1/31/2023 13:30:00,15.75,15.8,15.75,15.76,52062
2/1/2023 13:30:00,15.76,15.9,15.76,15.9,392000
2/2/2023 13:30:00,15.93,16.14,15.93,16.14,574000
2/3/2023 13:30:00,17.2,17.3,16.27,16.3,3990012
2/6/2023 13:30:00,16.42,16.42,16.07,16.07,1830951
2/7/2023 13:30:00,16.1,16.15,16.04,16.14,539040
2/8/2023 13:30:00,16.25,16.42,16.24,16.37,641018
2/9/2023 13:30:00,16.3,16.34,16.3,16.31,277000
2/10/2023 13:30:00,16.25,16.26,16.15,16.19,417223
2/13/2023 13:30:00,16.19,16.19,16,16.1,299200
2/14/2023 13:30:00,16.28,16.29,16.2,16.29,1476000
2/15/2023 13:30:00,16.29,16.29,16.14,16.17,856044
2/16/2023 13:30:00,16.17,16.33,16.17,16.33,327202
2/17/2023 13:30:00,16.28,16.3,16.22,16.27,204050
2/20/2023 13:30:00,16.3,16.41,16.3,16.38,379294
2/21/2023 13:30:00,16.38,16.56,16.37,16.53,482060
2/22/2023 13:30:00,16.45,16.48,16.37,16.42,929016
2/23/2023 13:30:00,16.43,16.66,16.43,16.64,513000
2/24/2023 13:30:00,16.65,16.8,16.57,16.57,379550
3/1/2023 13:30:00,16.55,16.55,16.34,16.53,374000
3/2/2023 13:30:00,16.63,16.63,16.45,16.62,248040
3/3/2023 13:30:00,16.65,16.69,16.63,16.69,531051
3/6/2023 13:30:00,16.72,16.87,16.72,16.87,331200
3/7/2023 13:30:00,16.87,17,16.84,16.99,307061
3/8/2023 13:30:00,16.99,16.99,16.81,16.94,435387
3/9/2023 13:30:00,17.99,17.99,17.01,17.02,605000
3/10/2023 13:30:00,16.9,16.95,16.82,16.84,639128
3/13/2023 13:30:00,16.8,16.85,16.62,16.82,348958
3/14/2023 13:30:00,16.78,16.78,16.54,16.59,454066
3/15/2023 13:30:00,16.61,16.81,16.59,16.59,265145
3/16/2023 13:30:00,16.53,16.55,16.44,16.45,680297
3/17/2023 13:30:00,16.5,16.78,16.36,16.71,547000
3/20/2023 13:30:00,16.75,16.78,16.66,16.66,133000
3/21/2023 13:30:00,16.75,16.76,16.7,16.73,475000
3/22/2023 13:30:00,16.75,16.84,16.75,16.84,223353
3/23/2023 13:30:00,16.84,16.9,16.77,16.88,98038
3/24/2023 13:30:00,16.88,16.96,16.88,16.96,260000
3/27/2023 13:30:00,16.97,17,16.94,16.96,126000
3/28/2023 13:30:00,16.96,16.96,16.78,16.81,172230
3/29/2023 13:30:00,16.81,16.83,16.73,16.76,121000
3/30/2023 13:30:00,16.8,16.94,16.8,16.92,78059
3/31/2023 13:30:00,16.96,17.09,16.96,17.01,171001
4/6/2023 13:30:00,17.07,17.07,16.9,16.98,55000
4/7/2023 13:30:00,17.03,17.08,17.02,17.04,169000
4/10/2023 13:30:00,17.14,17.14,17.07,17.13,166000
4/11/2023 13:30:00,17.2,17.28,17.14,17.26,185001
4/12/2023 13:30:00,17.34,17.37,17.32,17.34,133000
4/13/2023 13:30:00,17.44,17.44,17.21,17.22,233000
4/14/2023 13:30:00,17.23,17.34,17.23,17.33,162018
4/17/2023 13:30:00,17.37,17.42,17.35,17.4,239000
4/18/2023 13:30:00,17.4,17.4,17.26,17.28,399050
4/19/2023 13:30:00,17.32,17.41,17.3,17.31,415000
4/20/2023 13:30:00,17.31,17.31,17.18,17.22,260320
4/21/2023 13:30:00,17.22,17.22,17,17.02,622304
4/24/2023 13:30:00,17.02,17.09,16.92,17.01,352220
4/25/2023 13:30:00,17.01,17.01,16.66,16.68,717010
4/26/2023 13:30:00,16.68,16.7,16.53,16.65,590121
4/27/2023 13:30:00,16.65,16.83,16.65,16.77,254029
4/28/2023 13:30:00,16.97,17,16.91,16.96,266000
5/2/2023 13:30:00,17.09,17.13,17,17.11,204000
5/3/2023 13:30:00,17.06,17.06,16.96,17.01,200367
5/4/2023 13:30:00,17,17.06,16.94,17.06,411020
5/5/2023 13:30:00,17.07,17.08,16.99,17.01,95258
5/8/2023 13:30:00,17.05,17.12,17.03,17.03,121000
5/9/2023 13:30:00,17.04,17.07,16.98,17.04,804000
5/10/2023 13:30:00,17.04,17.08,17,17.03,356100
5/11/2023 13:30:00,17.04,17.04,16.85,16.85,430662
5/12/2023 13:30:00,16.89,17,16.78,16.99,259000
5/15/2023 13:30:00,16.99,16.99,16.9,16.95,233000
5/16/2023 13:30:00,17.02,17.15,17.02,17.12,581000
5/17/2023 13:30:00,17.12,17.21,17.12,17.19,607816
5/18/2023 13:30:00,17.3,17.4,17.3,17.35,1172000
5/19/2023 13:30:00,17.4,17.55,17.4,17.51,441000
5/22/2023 13:30:00,17.55,17.55,17.5,17.5,263010
5/23/2023 13:30:00,17.5,17.55,17.44,17.53,136000
5/24/2023 13:30:00,17.53,17.58,17.44,17.57,225763
5/25/2023 13:30:00,17.73,17.82,17.72,17.79,314010
5/26/2023 13:30:00,17.85,18.21,17.83,18.08,683000
5/29/2023 13:30:00,18.23,18.36,18.23,18.34,671270
5/30/2023 13:30:00,18.35,18.35,18.2,18.23,951000
5/31/2023 13:30:00,18.26,18.34,18.21,18.26,289000
6/1/2023 13:30:00,18.22,18.25,18.12,18.25,363100
6/2/2023 13:30:00,18.37,18.75,18.37,18.59,1382265
6/5/2023 13:30:00,18.55,18.67,18.48,18.6,1148020
6/6/2023 13:30:00,18.6,18.67,18.53,18.62,515000
6/7/2023 13:30:00,18.69,18.87,18.69,18.87,521150
6/8/2023 13:30:00,18.83,18.9,18.76,18.82,777000
6/9/2023 13:30:00,18.96,19.23,18.96,19.23,574666
6/12/2023 13:30:00,19.31,19.31,19.07,19.15,810005
6/13/2023 13:30:00,19.33,19.47,19.3,19.42,518011
6/14/2023 13:30:00,19.42,19.58,19.38,19.53,555000
6/15/2023 13:30:00,19.69,19.73,19.59,19.73,515363
6/16/2023 13:30:00,19.52,19.67,19.37,19.56,335139
6/19/2023 13:30:00,19.49,19.49,19.35,19.35,385068
6/20/2023 13:30:00,19.33,19.34,19.13,19.19,363050
6/21/2023 13:30:00,19.18,19.44,19.17,19.41,673001
6/26/2023 13:30:00,19.21,19.31,19.13,19.29,125035
6/27/2023 13:30:00,19.13,19.2,19,19.04,536000
6/28/2023 13:30:00,19.12,19.15,19.01,19.01,420000
6/29/2023 13:30:00,19.15,19.21,19.01,19.1,555031
6/30/2023 13:30:00,19.1,19.41,19.02,19.41,312000
7/3/2023 13:30:00,19.61,19.88,19.61,19.82,443551
7/4/2023 13:30:00,20.06,20.34,20,20.25,454500
7/5/2023 13:30:00,20.2,20.2,20.06,20.1,200000
7/6/2023 13:30:00,19.93,20.15,19.9,19.92,641330
7/7/2023 13:30:00,19.86,19.98,19.72,19.85,319000
7/10/2023 13:30:00,19.81,19.86,19.68,19.74,217000
7/11/2023 13:30:00,19.87,20.09,19.87,20.08,385000
7/12/2023 13:30:00,20.1,20.34,20.1,20.34,384040
7/13/2023 13:30:00,20.61,20.82,20.46,20.53,1026000
7/14/2023 13:30:00,20.78,20.94,20.64,20.87,682251
7/17/2023 13:30:00,20.97,21.09,20.92,21.02,777340
7/18/2023 13:30:00,21.26,21.3,20.84,21,1165011
7/19/2023 13:30:00,21.09,21.13,20.65,20.73,294241
7/20/2023 13:30:00,20.73,20.93,20.73,20.88,278000
7/21/2023 13:30:00,20.63,21.07,20.58,21.03,450000
7/24/2023 13:30:00,21.09,21.32,20.96,21.32,339200
7/25/2023 13:30:00,21.32,21.57,21.32,21.39,476100
7/26/2023 13:30:00,21.37,21.46,21.24,21.39,352000
7/27/2023 13:30:00,21.5,21.54,21.32,21.43,958000
7/28/2023 13:30:00,21.41,21.67,21.28,21.67,320000
7/31/2023 13:30:00,21.86,21.9,21.23,21.28,901037
8/1/2023 13:30:00,21.28,21.28,20.91,21.17,399000
8/2/2023 13:30:00,21.09,21.2,20.5,20.55,1016100
8/4/2023 13:30:00,20.46,20.67,20.34,20.6,291302
8/7/2023 13:30:00,20.63,20.97,20.63,20.95,370100
8/8/2023 13:30:00,21.14,21.17,20.79,21.01,213000
8/9/2023 13:30:00,20.72,21,20.7,20.79,170001
8/10/2023 13:30:00,20.56,20.56,20.18,20.25,523510
8/11/2023 13:30:00,20.37,20.48,20.33,20.39,109400
8/14/2023 13:30:00,20.31,20.42,20.18,20.32,405100
8/15/2023 13:30:00,20.65,20.65,20.42,20.5,98000
8/16/2023 13:30:00,20.27,20.55,20.27,20.55,319132
8/17/2023 13:30:00,20.42,20.73,20.4,20.71,319056
8/18/2023 13:30:00,20.7,20.87,20.37,20.54,204180
8/21/2023 13:30:00,20.69,20.69,20.48,20.51,209000
8/22/2023 13:30:00,20.69,20.7,20.59,20.62,199327
8/23/2023 13:30:00,20.61,20.84,20.61,20.84,222000
8/24/2023 13:30:00,21.24,21.24,20.8,20.92,292000
8/25/2023 13:30:00,20.67,20.74,20.5,20.5,537050
8/28/2023 13:30:00,20.51,20.62,20.48,20.56,69000
8/29/2023 13:30:00,20.66,20.66,20.46,20.63,199040
8/30/2023 13:30:00,20.81,20.92,20.78,20.84,152200
8/31/2023 13:30:00,20.71,20.85,20.7,20.81,140000
9/1/2023 13:30:00,20.83,20.88,20.7,20.71,159427
9/4/2023 13:30:00,20.75,20.97,20.73,20.93,2395322
9/5/2023 13:30:00,21.31,21.31,20.94,21.16,9112100
9/6/2023 13:30:00,21.25,21.37,21.2,21.33,14682644
9/7/2023 13:30:00,21.28,21.31,21.13,21.19,12857000
9/8/2023 13:30:00,21.2,21.2,21.02,21.05,21960380
9/11/2023 13:30:00,21.08,21.1,20.66,20.68,25151240
9/12/2023 13:30:00,20.75,20.9,20.65,20.85,12261100
9/13/2023 13:30:00,20.9,20.99,20.85,20.94,11642150
9/14/2023 13:30:00,21.07,21.35,21.07,21.32,12769011
9/15/2023 13:30:00,21.5,21.7,21.44,21.65,27292144
9/18/2023 13:30:00,20.8,20.83,20.59,20.6,18321495
9/19/2023 13:30:00,20.6,20.65,20.47,20.49,6796310
9/20/2023 13:30:00,20.5,20.61,20.3,20.32,5541009
9/21/2023 13:30:00,20.17,20.17,19.98,20.09,4436241
9/22/2023 13:30:00,19.97,20.21,19.94,20.19,4164081
9/25/2023 13:30:00,20.22,20.33,20.22,20.27,2673100
9/26/2023 13:30:00,20.22,20.26,20.06,20.07,2869141
9/27/2023 13:30:00,20.05,20.11,20,20.11,2283340
9/28/2023 13:30:00,20.23,20.35,20.14,20.18,2398310
10/2/2023 13:30:00,20.35,20.64,20.35,20.58,4145189
10/3/2023 13:30:00,20.55,20.6,20.36,20.37,3143115
10/4/2023 13:30:00,20.11,20.3,20.06,20.3,2599135
10/5/2023 13:30:00,20.41,20.54,20.4,20.5,2985383
10/6/2023 13:30:00,20.56,20.61,20.48,20.5,2364020
10/11/2023 13:30:00,20.7,20.7,20.38,20.39,3677200
10/12/2023 13:30:00,20.43,20.57,20.36,20.57,2944309
10/13/2023 13:30:00,20.55,20.57,20.37,20.42,1944056
10/16/2023 13:30:00,20.34,20.39,20.29,20.31,2368744
10/17/2023 13:30:00,20.41,20.49,20.25,20.25,2409200
10/18/2023 13:30:00,20.22,20.22,20,20.02,4169695
10/19/2023 13:30:00,19.95,20.1,19.95,20.07,1059009
10/20/2023 13:30:00,19.91,20.07,19.77,19.99,2774360
10/23/2023 13:30:00,19.87,19.99,19.84,19.84,2622502
10/24/2023 13:30:00,19.86,20.09,19.77,20.07,2266961
10/25/2023 13:30:00,20.13,20.22,20.09,20.14,1184070
10/26/2023 13:30:00,19.74,19.82,19.68,19.72,3032220
10/27/2023 13:30:00,19.77,19.96,19.77,19.88,876205
10/30/2023 13:30:00,19.91,20.03,19.91,19.98,792374
10/31/2023 13:30:00,20.02,20.02,19.65,19.66,2240250
11/1/2023 13:30:00,19.79,19.94,19.79,19.93,1196002
11/2/2023 13:30:00,20.27,20.32,20.2,20.3,2374396
11/3/2023 13:30:00,20.4,20.4,20.33,20.37,1602500
11/6/2023 13:30:00,20.5,20.63,20.45,20.6,4535130
11/7/2023 13:30:00,20.54,20.63,20.49,20.6,1648250
11/8/2023 13:30:00,20.57,20.8,20.57,20.68,2787500
11/9/2023 13:30:00,20.68,20.75,20.61,20.74,2016635
11/10/2023 13:30:00,20.6,20.64,20.52,20.63,1756524
11/13/2023 13:30:00,20.75,20.79,20.69,20.74,2624099
11/14/2023 13:30:00,20.9,20.96,20.81,20.89,3526719
11/15/2023 13:30:00,21.13,21.15,20.96,21,4262557
11/16/2023 13:30:00,21.06,21.06,20.88,20.96,2290468
11/17/2023 13:30:00,21.01,21.1,21.01,21.08,3012779
11/20/2023 13:30:00,21.1,21.12,20.98,21.1,1829510
11/21/2023 13:30:00,21.23,21.3,21.22,21.23,3707198
11/22/2023 13:30:00,21.11,21.17,21.03,21.1,3017983
11/23/2023 13:30:00,21.1,21.16,21.03,21.08,1341400
11/24/2023 13:30:00,21.16,21.23,21.11,21.12,1522108
11/27/2023 13:30:00,21.22,21.23,20.98,20.98,2797416
11/28/2023 13:30:00,21.01,21.23,21.01,21.21,1750316
11/29/2023 13:30:00,21.22,21.38,21.22,21.31,2842000
11/30/2023 13:30:00,21.34,21.38,21.24,21.32,1331682
12/1/2023 13:30:00,21.31,21.5,21.23,21.5,5617230
12/4/2023 13:30:00,21.71,21.79,21.61,21.67,43609968
12/5/2023 13:30:00,21.62,21.62,21.46,21.51,39831210
12/6/2023 13:30:00,21.63,21.69,21.62,21.65,15771665
12/7/2023 13:30:00,21.64,21.65,21.56,21.57,26451635
12/8/2023 13:30:00,21.67,21.8,21.64,21.67,13085574
12/11/2023 13:30:00,21.79,21.85,21.78,21.83,26568394
12/12/2023 13:30:00,22,22.2,22,22.15,55964571
12/13/2023 13:30:00,22.3,22.3,22.18,22.22,56842705
12/14/2023 13:30:00,22.44,22.49,22.42,22.49,44223455
12/15/2023 13:30:00,22.63,22.66,22.51,22.55,67154035
12/18/2023 13:30:00,21.88,21.89,21.75,21.85,34079874
12/19/2023 13:30:00,21.81,21.83,21.58,21.67,23664793
12/20/2023 13:30:00,21.72,21.91,21.68,21.91,11121525
12/21/2023 13:30:00,21.71,21.95,21.61,21.93,8547016
12/22/2023 13:30:00,22,22.02,21.87,22,8935691
12/25/2023 13:30:00,22.03,22.04,21.87,21.88,10415107
12/26/2023 13:30:00,21.97,22.03,21.91,22.02,9144970
12/27/2023 13:30:00,22.05,22.16,22.05,22.13,9093707
12/28/2023 13:30:00,22.17,22.2,21.99,22.01,9372311
12/29/2023 13:30:00,22.02,22.11,21.98,22.09,5521492
1/2/2024 13:30:00,22.21,22.27,21.9,21.97,13183489
1/3/2024 13:30:00,21.87,21.88,21.67,21.68,19646432
1/4/2024 13:30:00,21.68,21.78,21.68,21.73,6910196
1/5/2024 13:30:00,21.8,21.86,21.66,21.67,8313594
1/8/2024 13:30:00,21.71,21.75,21.62,21.62,8491413
1/9/2024 13:30:00,21.69,21.69,21.43,21.46,12950184
1/10/2024 13:30:00,21.42,21.42,21.29,21.31,8342155
1/11/2024 13:30:00,21.36,21.45,21.36,21.44,5394264
1/12/2024 13:30:00,21.45,21.55,21.37,21.49,5394718
1/15/2024 13:30:00,21.54,21.71,21.54,21.66,6119412
1/16/2024 13:30:00,21.62,21.62,21.45,21.47,8978094
1/17/2024 13:30:00,21.44,21.44,21.15,21.18,14150306
1/18/2024 13:30:00,21.18,21.22,21,21.15,8517063
1/19/2024 13:30:00,21.25,21.37,21.2,21.37,5692360
1/22/2024 13:30:00,21.48,21.54,21.46,21.52,5651063
1/23/2024 13:30:00,21.57,21.63,21.51,21.61,4001569
1/24/2024 13:30:00,21.64,21.71,21.64,21.66,4015500
1/25/2024 13:30:00,21.7,21.75,21.61,21.75,7675393
1/26/2024 13:30:00,21.75,21.75,21.41,21.43,11825312
1/29/2024 13:30:00,21.41,21.59,21.39,21.56,4161686
1/30/2024 13:30:00,21.6,21.61,21.5,21.54,3366400
1/31/2024 13:30:00,21.5,21.5,21.36,21.39,7435573
2/1/2024 13:30:00,21.4,21.49,21.4,21.47,4519553
2/2/2024 13:30:00,21.49,21.49,21.42,21.43,4695610
2/5/2024 13:30:00,21.36,21.42,21.23,21.41,4814761
2/15/2024 13:30:00,21.41,21.47,21.33,21.46,8937738
2/16/2024 13:30:00,21.51,21.55,21.42,21.53,5971460
2/19/2024 13:30:00,21.56,21.67,21.51,21.65,5850012
2/20/2024 13:30:00,21.69,21.87,21.69,21.86,8946567
2/21/2024 13:30:00,21.87,21.89,21.78,21.79,10226807
2/22/2024 13:30:00,21.86,22.1,21.86,22.09,11057333
2/23/2024 13:30:00,22.16,22.24,21.91,21.91,16212750
2/26/2024 13:30:00,21.9,21.98,21.87,21.97,8629444
2/27/2024 13:30:00,21.97,22.07,21.75,21.88,10588554
2/29/2024 13:30:00,21.87,22.01,21.83,21.97,6891783
3/1/2024 13:30:00,22.3,22.33,22.11,22.24,76045654
3/4/2024 13:30:00,22.5,22.5,22.28,22.41,83281637
3/5/2024 13:30:00,22.48,22.65,22.45,22.65,52237326
3/6/2024 13:30:00,22.62,22.79,22.54,22.68,79231230
3/7/2024 13:30:00,22.8,23.03,22.72,23,60367938
3/8/2024 13:30:00,23.25,23.48,22.92,23.02,89755502
3/11/2024 13:30:00,23.04,23.18,23.02,23.08,57825573
3/12/2024 13:30:00,23.22,23.7,23.19,23.7,74270964
3/13/2024 13:30:00,23.99,24.11,23.84,23.99,111392991
3/14/2024 13:30:00,24.03,24.05,23.55,23.61,111864519
3/15/2024 13:30:00,23.53,23.63,23.32,23.56,77970018
3/18/2024 13:30:00,23,23.01,22.85,23,41260534
3/19/2024 13:30:00,22.98,23.54,22.94,23.51,43349705
3/20/2024 13:30:00,23.65,24.03,23.51,23.58,50827568
3/21/2024 13:30:00,23.86,23.9,23.63,23.74,38035844
3/22/2024 13:30:00,23.74,23.79,23.32,23.45,34371649
3/25/2024 13:30:00,23.45,23.54,23.28,23.35,19909450
3/26/2024 13:30:00,23.32,23.49,22.8,23.07,32755119
3/27/2024 13:30:00,23.05,23.45,23.03,23.39,14843303
3/28/2024 13:30:00,23.5,23.67,23.33,23.55,25616103
3/29/2024 13:30:00,23.68,23.68,23.4,23.5,20553782
4/1/2024 13:30:00,23.55,23.6,23.38,23.38,14420769
4/2/2024 13:30:00,23.39,23.58,23.39,23.56,16002027
4/3/2024 13:30:00,23.46,23.57,23.32,23.49,11947117
4/8/2024 13:30:00,23.49,23.53,23.36,23.51,11948371
4/9/2024 13:30:00,23.51,23.62,23.5,23.59,13555051
4/10/2024 13:30:00,23.65,23.69,23.59,23.61,11236015
4/11/2024 13:30:00,23.55,23.58,23.39,23.56,9581116
4/12/2024 13:30:00,23.56,23.64,23.5,23.59,8618561
4/15/2024 13:30:00,23.49,23.49,23.32,23.42,12553945
4/16/2024 13:30:00,23.2,23.21,22.67,22.87,36981134
4/17/2024 13:30:00,22.87,23.11,22.87,23.07,10410376
4/18/2024 13:30:00,23.05,23.12,22.92,23.03,5002224
4/19/2024 13:30:00,22.93,22.93,22.3,22.65,27740182
4/22/2024 13:30:00,22.65,22.74,22.44,22.46,10968398
4/23/2024 13:30:00,22.63,22.74,22.46,22.64,4969440
4/24/2024 13:30:00,22.87,23.28,22.86,23.24,11854037
4/25/2024 13:30:00,23.08,23.18,23.03,23.17,7082856
4/26/2024 13:30:00,23.38,23.46,23.3,23.39,8923376
4/29/2024 13:30:00,23.67,23.85,23.63,23.79,22393408
4/30/2024 13:30:00,23.85,23.85,23.68,23.7,7917606
5/2/2024 13:30:00,23.67,23.76,23.56,23.71,7939034
5/3/2024 13:30:00,23.85,23.95,23.74,23.75,13195880
5/6/2024 13:30:00,23.95,24.15,23.94,24.07,21130912
5/7/2024 13:30:00,24.18,24.2,23.96,24.05,8472136
5/8/2024 13:30:00,23.95,24.01,23.88,23.93,10093439
5/9/2024 13:30:00,23.93,24.01,23.84,23.88,9490777
5/10/2024 13:30:00,23.89,24.16,23.89,24.14,13833859
5/13/2024 13:30:00,24.24,24.39,24.18,24.22,11443517
5/14/2024 13:30:00,24.26,24.52,24.24,24.45,15202654
5/15/2024 13:30:00,24.45,24.56,24.32,24.33,10084841
5/16/2024 13:30:00,24.46,24.69,24.46,24.64,14480163
5/17/2024 13:30:00,24.64,24.78,24.6,24.71,8493567
5/20/2024 13:30:00,24.75,24.89,24.58,24.77,9192234
5/21/2024 13:30:00,24.76,24.77,24.55,24.66,7289717
5/22/2024 13:30:00,24.65,25.02,24.65,25,8909669
5/23/2024 13:30:00,25.03,25.05,24.81,24.91,9212914
5/24/2024 13:30:00,24.85,25.09,24.82,25.07,9370748
5/27/2024 13:30:00,25.2,25.56,25.2,25.5,11695876
5/28/2024 13:30:00,25.6,25.6,25.45,25.51,13139328
5/29/2024 13:30:00,25.57,25.58,25.37,25.39,16011295
5/30/2024 13:30:00,25.15,25.28,25.01,25.18,15522736
5/31/2024 13:30:00,25.24,25.42,25.08,25.08,18424401
6/3/2024 13:30:00,25.51,25.59,25.27,25.4,66433620
6/4/2024 13:30:00,25.36,25.36,25.2,25.22,70719828
6/5/2024 13:30:00,25.38,25.4,25.21,25.26,45518179
6/6/2024 13:30:00,25.47,25.5,25.24,25.3,48951386
6/7/2024 13:30:00,25.36,25.43,25.31,25.41,36377660
6/11/2024 13:30:00,25.41,25.46,25.18,25.18,104487903
6/12/2024 13:30:00,25.22,25.26,25.12,25.19,56781676
6/13/2024 13:30:00,25.36,25.52,25.35,25.45,43977396
6/14/2024 13:30:00,25.55,25.7,25.46,25.69,48705036
6/17/2024 13:30:00,25.73,25.94,25.7,25.88,87251710
6/18/2024 13:30:00,26,26.13,26,26.12,84347173
6/19/2024 13:30:00,25.48,25.63,25.45,25.56,69178213
6/20/2024 13:30:00,25.55,25.82,25.54,25.82,45590079
6/21/2024 13:30:00,25.7,25.75,25.56,25.69,38070347
6/24/2024 13:30:00,25.6,25.6,25.33,25.36,34339164
6/25/2024 13:30:00,25.33,25.38,25.05,25.35,23174518
6/26/2024 13:30:00,25.43,25.5,25.27,25.4,12537320
6/27/2024 13:30:00,25.22,25.37,25.12,25.31,16588165
6/28/2024 13:30:00,25.38,25.5,25.34,25.42,10558059
7/1/2024 13:30:00,25.48,25.61,25.42,25.5,22771460
7/2/2024 13:30:00,25.47,25.48,25.2,25.28,21841593
7/3/2024 13:30:00,25.48,25.54,25.26,25.27,12433306
7/4/2024 13:30:00,25.43,25.44,25.33,25.34,16132247
7/5/2024 13:30:00,25.41,25.53,25.35,25.36,17430957
7/8/2024 13:30:00,25.33,25.47,25.24,25.38,22456351
7/9/2024 13:30:00,25.47,25.59,25.29,25.34,21610872
7/10/2024 13:30:00,25.47,25.52,25.4,25.49,16282550
7/11/2024 13:30:00,25.55,25.66,25.48,25.48,16492320
7/12/2024 13:30:00,25.35,25.42,25.33,25.36,12109211
7/15/2024 13:30:00,25.42,25.45,25.23,25.29,16969290
7/16/2024 13:30:00,25.37,25.43,25.3,25.32,8969762
7/17/2024 13:30:00,25.39,25.4,25.16,25.19,21924722
7/18/2024 13:30:00,25.05,25.05,24.8,25.02,28638396
7/19/2024 13:30:00,24.98,24.98,24.56,24.6,35912943
7/22/2024 13:30:00,24.58,24.58,23.88,24.11,38763947
7/23/2024 13:30:00,24.2,24.39,24.2,24.37,12535464
7/26/2024 13:30:00,24,24.02,23.71,23.97,19958108
7/29/2024 13:30:00,24.3,24.3,23.79,23.8,16294137
7/30/2024 13:30:00,23.69,23.76,23.39,23.76,17391735
7/31/2024 13:30:00,23.68,23.98,23.59,23.87,6849604
8/1/2024 13:30:00,24.24,24.48,24.16,24.46,9890481
8/2/2024 13:30:00,24.03,24.11,23.83,23.84,18667711
8/5/2024 13:30:00,22.83,22.87,22,22.08,39086511
8/6/2024 13:30:00,22.54,22.99,21.66,22.52,26368128
8/7/2024 13:30:00,22.55,23.33,22.48,23.26,13541580
8/8/2024 13:30:00,23.02,23.22,22.89,23.06,9450606
8/9/2024 13:30:00,23.58,23.69,23.4,23.47,9479280
8/12/2024 13:30:00,23.7,23.94,23.67,23.89,6202225
8/13/2024 13:30:00,23.98,24.09,23.88,23.98,5980590
8/14/2024 13:30:00,24.2,24.35,24.12,24.23,7790566
8/15/2024 13:30:00,24.35,24.37,24.15,24.16,5368718
8/16/2024 13:30:00,24.43,24.55,24.39,24.46,7689332
8/19/2024 13:30:00,24.55,24.63,24.46,24.48,7044679
8/20/2024 13:30:00,24.7,24.71,24.61,24.61,6615328
8/21/2024 13:30:00,24.6,24.6,24.46,24.51,8079857
8/22/2024 13:30:00,24.55,24.6,24.46,24.49,7369590
8/23/2024 13:30:00,24.45,24.58,24.3,24.57,10344332
8/26/2024 13:30:00,24.75,24.94,24.63,24.68,9905925
8/27/2024 13:30:00,24.6,24.62,24.46,24.58,10751247
8/28/2024 13:30:00,24.65,24.69,24.49,24.62,9189257
8/29/2024 13:30:00,24.51,24.65,24.42,24.58,11630974
8/30/2024 13:30:00,24.67,24.73,24.59,24.59,10767956
9/2/2024 13:30:00,24.82,24.83,24.63,24.65,28788406
9/3/2024 13:30:00,24.75,24.76,24.65,24.67,57841086
9/4/2024 13:30:00,24,24.18,23.52,23.96,104427871
9/5/2024 13:30:00,24.09,24.24,23.88,23.92,36660469
9/6/2024 13:30:00,24.07,24.14,23.8,24.07,30985590
9/9/2024 13:30:00,23.67,24,23.57,23.97,43743840
9/10/2024 13:30:00,24.1,24.1,23.75,23.8,36956563
9/11/2024 13:30:00,23.9,23.95,23.79,23.82,20158026
9/12/2024 13:30:00,24.16,24.28,24.08,24.2,20364946
9/13/2024 13:30:00,24.34,24.35,24.21,24.27,26406518
9/16/2024 13:30:00,24.39,24.4,24.27,24.32,47529668
9/18/2024 13:30:00,24.39,24.42,24.28,24.29,55930693
9/19/2024 13:30:00,23.6,23.74,23.53,23.65,30901678
9/20/2024 13:30:00,23.8,23.88,23.7,23.71,22537858
9/23/2024 13:30:00,23.85,23.85,23.77,23.81,10418927
9/24/2024 13:30:00,23.81,23.92,23.73,23.91,10803802
9/25/2024 13:30:00,23.99,24.13,23.99,24.1,15976930
9/26/2024 13:30:00,24.17,24.22,24.03,24.05,18274607
9/27/2024 13:30:00,24.13,24.18,24.05,24.1,12271244
9/30/2024 13:30:00,24.09,24.09,23.86,23.88,18733417
10/1/2024 13:30:00,23.88,23.95,23.81,23.87,9895478
10/4/2024 13:30:00,23.61,23.75,23.53,23.55,32617394
10/7/2024 13:30:00,23.57,23.81,23.57,23.69,10915003
10/8/2024 13:30:00,23.62,23.63,23.48,23.56,16965824
10/9/2024 13:30:00,23.68,23.77,23.61,23.62,7657841
10/11/2024 13:30:00,23.68,23.85,23.68,23.75,8609410
10/14/2024 13:30:00,23.9,23.9,23.75,23.84,8407921
10/15/2024 13:30:00,23.88,24.08,23.88,24.03,17030668
10/16/2024 13:30:00,23.9,24.07,23.83,24,10829399
10/17/2024 13:30:00,24.08,24.3,24.08,24.28,16901660
10/18/2024 13:30:00,24.37,24.45,24.26,24.28,18917404
10/21/2024 13:30:00,24.35,24.44,24.28,24.3,8025721
10/22/2024 13:30:00,24.3,24.48,24.23,24.46,15125783
10/23/2024 13:30:00,24.48,24.48,24.32,24.39,9482395
10/24/2024 13:30:00,24.3,24.32,24.21,24.24,12030264
10/25/2024 13:30:00,24.29,24.34,24.27,24.31,5145154
10/28/2024 13:30:00,24.37,24.43,24.25,24.31,7134662
10/29/2024 13:30:00,24.25,24.25,23.96,24.05,21855330
10/30/2024 13:30:00,24.1,24.17,23.99,24.03,8181507
11/1/2024 13:30:00,23.7,24.1,23.5,24.05,18206100
11/4/2024 13:30:00,24.1,24.15,23.95,24.13,13021865
11/5/2024 13:30:00,24.13,24.28,24.04,24.2,8893967
11/6/2024 13:30:00,24.22,24.32,24.18,24.2,7834475
11/7/2024 13:30:00,24.2,24.47,24.15,24.42,11191434
11/8/2024 13:30:00,24.48,24.62,24.41,24.46,16341670
11/11/2024 13:30:00,24.46,24.5,24.3,24.48,8823966
11/12/2024 13:30:00,24.34,24.43,24.24,24.24,11556373
11/13/2024 13:30:00,24.24,24.45,24.18,24.39,9534450
11/14/2024 13:30:00,24.39,24.42,24.23,24.27,12336240
11/15/2024 13:30:00,24.34,24.43,24.26,24.3,9224213
11/18/2024 13:30:00,24.3,24.35,24.16,24.18,9781612
11/19/2024 13:30:00,24.28,24.41,24.2,24.35,7768639
11/20/2024 13:30:00,24.4,24.49,24.33,24.38,8275472
11/21/2024 13:30:00,24.29,24.39,24.24,24.33,10795627
11/22/2024 13:30:00,24.36,24.49,24.36,24.38,8578705
11/25/2024 13:30:00,24.5,24.57,24.39,24.4,7900498
11/26/2024 13:30:00,24.33,24.46,24.2,24.36,11467603
11/27/2024 13:30:00,24.35,24.35,23.98,24,31158789
11/28/2024 13:30:00,24,24,23.75,23.8,25933498
11/29/2024 13:30:00,23.8,23.98,23.64,23.92,12111652
12/2/2024 13:30:00,24.16,24.28,24.14,24.28,44094673
12/3/2024 13:30:00,24.56,24.59,24.36,24.47,79135139
12/4/2024 13:30:00,24.52,24.53,24.35,24.46,71399568
12/5/2024 13:30:00,24.51,24.6,24.51,24.51,47395013
12/6/2024 13:30:00,24.55,24.66,24.51,24.55,44358755
12/9/2024 13:30:00,24.65,24.72,24.58,24.65,45151797
12/10/2024 13:30:00,24.68,24.72,24.48,24.48,81470311
12/11/2024 13:30:00,24.44,24.44,24.27,24.29,88481029
12/12/2024 13:30:00,24.47,24.47,24.29,24.32,53355255
12/13/2024 13:30:00,24.31,24.31,24.11,24.18,76633584
12/16/2024 13:30:00,24.35,24.35,24,24,103917895
12/17/2024 13:30:00,24,24.04,23.96,24.02,84876915
12/18/2024 13:30:00,24,24.1,23.96,24.1,104749850
12/19/2024 13:30:00,23.12,23.12,22.9,23.02,103781165
12/20/2024 13:30:00,22.98,23.05,22.88,22.97,42184940
12/23/2024 13:30:00,23.13,23.22,23.06,23.16,16323627
12/24/2024 13:30:00,23.23,23.32,23.23,23.26,14726568
12/25/2024 13:30:00,23.32,23.37,23.25,23.28,9669031
12/26/2024 13:30:00,23.32,23.34,23.22,23.28,9405995
12/27/2024 13:30:00,23.28,23.29,23.22,23.23,10520501
12/30/2024 13:30:00,23.2,23.26,23.1,23.1,18585862
12/31/2024 13:30:00,23.08,23.08,22.98,23.05,18493076
1/2/2025 13:30:00,23.04,23.11,22.98,23.05,16951454
1/3/2025 13:30:00,23.08,23.13,23,23,17380167
1/6/2025 13:30:00,23.07,23.14,23.06,23.06,15539964
1/7/2025 13:30:00,23.13,23.13,23.02,23.03,18620701
1/8/2025 13:30:00,23.01,23.06,23,23.04,11508425
1/9/2025 13:30:00,23.04,23.04,22.68,22.68,67943855
1/10/2025 13:30:00,22.6,22.65,22.46,22.53,40784078
1/13/2025 13:30:00,22.45,22.45,22.1,22.15,47819184
1/14/2025 13:30:00,22.15,22.32,22.15,22.3,14882102
1/15/2025 13:30:00,22.37,22.38,22.2,22.22,16446339
1/16/2025 13:30:00,22.45,22.5,22.31,22.32,17626150
1/17/2025 13:30:00,22.33,22.5,22.33,22.41,12934896
1/20/2025 13:30:00,22.46,22.5,22.43,22.47,11840268
1/21/2025 13:30:00,22.46,22.58,22.45,22.54,9627271
1/22/2025 13:30:00,22.55,22.57,22.48,22.57,12293399
2/3/2025 13:30:00,22.24,22.54,22.22,22.41,28359398
2/4/2025 13:30:00,22.45,22.53,22.3,22.31,23727626
2/5/2025 13:30:00,22.44,22.62,22.44,22.51,12171595
2/6/2025 13:30:00,22.54,22.56,22.46,22.5,18560503
2/7/2025 13:30:00,22.54,22.57,22.5,22.56,9356497
2/10/2025 13:30:00,22.52,22.52,22.45,22.5,13983013
2/11/2025 13:30:00,22.57,22.63,22.51,22.55,11005632
2/12/2025 13:30:00,22.61,22.68,22.55,22.57,10840633
2/13/2025 13:30:00,22.59,22.82,22.55,22.8,12257265
2/14/2025 13:30:00,22.8,22.87,22.74,22.75,15557684
2/17/2025 13:30:00,22.83,22.94,22.82,22.92,13335680
2/18/2025 13:30:00,22.99,23,22.91,22.96,13606635
2/19/2025 13:30:00,23.04,23.14,23.02,23.04,18987922
2/20/2025 13:30:00,23.1,23.18,23.06,23.12,16316308
2/21/2025 13:30:00,23.15,23.29,23.15,23.27,22245126
2/24/2025 13:30:00,23.19,23.37,23.18,23.36,20216964
2/25/2025 13:30:00,23.26,23.39,23.22,23.31,23859311
2/26/2025 13:30:00,23.31,23.35,23.19,23.34,22531957
2/27/2025 13:30:00,23.37,23.41,23.2,23.21,31739130
3/3/2025 13:30:00,23.18,23.2,23.06,23.15,35843006
3/4/2025 13:30:00,22.97,23.26,22.92,23.22,41155470
3/5/2025 13:30:00,23.3,23.42,23.21,23.35,28272695
3/6/2025 13:30:00,23.44,23.45,23.39,23.4,22578655
3/7/2025 13:30:00,23.38,23.46,23.35,23.4,19402222
3/10/2025 13:30:00,23.45,23.45,23.31,23.39,26646397
3/11/2025 13:30:00,23.03,23.27,22.98,23.21,53128301
3/12/2025 13:30:00,23.22,23.28,23.15,23.19,23161358
3/13/2025 13:30:00,23.32,23.36,23.05,23.05,32296536
3/14/2025 13:30:00,23.06,23.06,22.95,22.98,48438358
3/17/2025 13:30:00,23.11,23.12,23,23.02,34041993
3/18/2025 13:30:00,23.16,23.24,23.15,23.23,37840200
3/19/2025 13:30:00,23.24,23.3,23.1,23.14,67577022
3/20/2025 13:30:00,22.58,22.61,22.5,22.55,49485227
3/21/2025 13:30:00,22.54,22.55,22.49,22.53,20136781
3/24/2025 13:30:00,22.59,22.59,22.47,22.49,27625496
3/25/2025 13:30:00,22.53,22.62,22.42,22.45,19099810
3/26/2025 13:30:00,22.52,22.58,22.49,22.51,8748758
3/27/2025 13:30:00,22.4,22.41,22.36,22.41,24363333
3/28/2025 13:30:00,22.36,22.36,22.2,22.27,30265936
3/31/2025 13:30:00,21.89,21.91,21.65,21.67,60148532
4/1/2025 13:30:00,21.76,21.98,21.76,21.97,16924087
4/2/2025 13:30:00,21.99,22.02,21.92,22,13997974
4/7/2025 13:30:00,19.8,19.8,19.8,19.8,14563122
4/8/2025 13:30:00,17.85,19.2,17.85,18.99,93747435
4/9/2025 13:30:00,18.91,19,17.79,17.85,68484128
4/10/2025 13:30:00,19.63,19.63,19.63,19.63,9734668
4/11/2025 13:30:00,19.23,20.17,18.9,20.17,46895876
4/14/2025 13:30:00,20.33,21,20.33,20.36,27512748
4/15/2025 13:30:00,20.47,20.73,20.43,20.68,12865222
4/16/2025 13:30:00,20.52,20.62,20.45,20.47,15886267
4/17/2025 13:30:00,20.38,20.52,20.24,20.42,11773996
4/18/2025 13:30:00,20.5,20.5,20.39,20.44,5950932
4/21/2025 13:30:00,20.43,20.43,20.19,20.2,14506618
4/22/2025 13:30:00,20,20.16,19.96,19.96,16156560
4/23/2025 13:30:00,20.34,20.47,20.29,20.43,12264921
4/24/2025 13:30:00,20.48,20.49,20.36,20.38,8550160
4/25/2025 13:30:00,20.64,20.74,20.63,20.68,10920194
4/28/2025 13:30:00,20.75,20.83,20.69,20.81,9442131
4/29/2025 13:30:00,20.81,20.96,20.8,20.94,7597510
4/30/2025 13:30:00,20.95,21.02,20.86,20.89,7334350
5/2/2025 13:30:00,21.03,21.18,21.03,21.17,9811242
5/5/2025 13:30:00,21.21,21.22,20.78,20.97,19035572
5/6/2025 13:30:00,20.92,21.16,20.82,21.08,15273836
5/7/2025 13:30:00,21.18,21.24,21.07,21.1,9622136
5/8/2025 13:30:00,21.15,21.27,21.13,21.25,6883943
5/9/2025 13:30:00,21.27,21.45,21.27,21.43,7581688
5/12/2025 13:30:00,21.5,21.67,21.5,21.66,8923686
5/13/2025 13:30:00,21.98,22.04,21.92,21.96,13029412
5/14/2025 13:30:00,22.12,22.25,22.11,22.25,12993249
5/15/2025 13:30:00,22.27,22.35,22.24,22.31,11434019
5/16/2025 13:30:00,22.33,22.63,22.33,22.57,20881644
5/19/2025 13:30:00,22.53,22.56,22.35,22.35,16519854
5/20/2025 13:30:00,22.49,22.49,22.33,22.36,9269267
5/21/2025 13:30:00,22.37,22.55,22.37,22.54,10681046
5/22/2025 13:30:00,22.45,22.51,22.33,22.48,9302090
5/23/2025 13:30:00,22.5,22.51,22.31,22.35,13580750
5/26/2025 13:30:00,22.32,22.39,22.21,22.21,13578845
5/27/2025 13:30:00,22.22,22.23,22.02,22.03,14836949
5/28/2025 13:30:00,22.25,22.25,22,22.08,10721088
5/29/2025 13:30:00,22.31,22.31,22.16,22.2,9979666
6/2/2025 13:30:00,22.08,22.08,21.83,21.85,47680716
6/3/2025 13:30:00,22.03,22.09,21.92,21.99,35631587
6/4/2025 13:30:00,22.16,22.22,22.11,22.13,21046760
6/5/2025 13:30:00,22.13,22.14,21.97,22,22561272
6/6/2025 13:30:00,22.04,22.1,21.97,21.99,28038624
6/9/2025 13:30:00,22.1,22.11,22.03,22.06,16253253
6/10/2025 13:30:00,22.13,22.32,22.13,22.28,19378593
6/11/2025 13:30:00,22.4,22.5,22.37,22.49,20584335
6/12/2025 13:30:00,22.55,22.55,22.46,22.49,24382630
6/13/2025 13:30:00,22.41,22.52,22.38,22.44,37405047
6/16/2025 13:30:00,22.4,22.41,22.32,22.39,61819977
6/17/2025 13:30:00,22.5,22.51,22.43,22.48,51537951
6/18/2025 13:30:00,22.48,22.6,22.46,22.59,55931475
6/19/2025 13:30:00,21.9,21.91,21.67,21.67,55296449
6/20/2025 13:30:00,21.67,21.68,21.44,21.45,23173919
6/23/2025 13:30:00,21.17,21.35,21.14,21.34,17181855
6/24/2025 13:30:00,21.68,21.69,21.58,21.68,16458697
6/25/2025 13:30:00,21.82,21.87,21.66,21.71,14223752
6/26/2025 13:30:00,21.71,21.79,21.67,21.68,16354729
6/27/2025 13:30:00,21.71,21.75,21.67,21.68,11912357
6/30/2025 13:30:00,21.7,21.76,21.62,21.64,15215469
7/1/2025 13:30:00,21.72,21.8,21.64,21.69,15187162
7/2/2025 13:30:00,21.69,21.83,21.66,21.83,10580873
7/3/2025 13:30:00,21.9,21.92,21.86,21.89,12456799
7/4/2025 13:30:00,21.91,21.97,21.73,21.75,11245818
7/7/2025 13:30:00,21.63,21.72,21.55,21.65,12380463
7/8/2025 13:30:00,21.59,21.59,21.46,21.5,15465189
7/9/2025 13:30:00,21.5,21.58,21.46,21.54,9681736
7/10/2025 13:30:00,21.5,21.5,21.45,21.5,17633268
7/11/2025 13:30:00,21.46,21.61,21.45,21.59,16255892
7/14/2025 13:30:00,21.56,21.58,21.49,21.52,10182278
7/15/2025 13:30:00,21.5,21.67,21.5,21.65,13499712
7/16/2025 13:30:00,21.65,21.82,21.63,21.79,15610046
7/17/2025 13:30:00,21.83,21.91,21.82,21.89,16240243
7/18/2025 13:30:00,22,22.02,21.86,21.88,13612909
7/21/2025 13:30:00,21.92,21.97,21.86,21.88,12788175
7/22/2025 13:30:00,21.9,21.98,21.66,21.69,18581887
7/23/2025 13:30:00,21.8,21.93,21.8,21.85,11354945
7/24/2025 13:30:00,21.88,21.94,21.87,21.94,12704932
7/25/2025 13:30:00,21.96,21.98,21.91,21.93,9376965
7/28/2025 13:30:00,21.97,22,21.93,21.97,12229213
7/29/2025 13:30:00,21.96,21.98,21.75,21.8,13540937
7/30/2025 13:30:00,21.81,21.82,21.74,21.79,9966985
7/31/2025 13:30:00,21.77,21.9,21.74,21.89,17627990
8/1/2025 13:30:00,21.65,21.95,21.57,21.91,13434975
8/4/2025 13:30:00,21.76,21.91,21.69,21.9,14386989
8/5/2025 13:30:00,22,22.09,21.94,22.06,17236623
8/6/2025 13:30:00,21.99,22.07,21.97,22.02,9423245
8/7/2025 13:30:00,22.15,22.23,22.13,22.15,18638232
8/8/2025 13:30:00,22.28,22.41,22.27,22.4,24403753
8/11/2025 13:30:00,22.4,22.47,22.3,22.46,16805903
8/12/2025 13:30:00,22.48,22.51,22.45,22.45,13941758
8/13/2025 13:30:00,22.52,22.59,22.43,22.56,21765474
8/14/2025 13:30:00,22.59,22.69,22.59,22.67,16256379
8/15/2025 13:30:00,22.77,22.77,22.62,22.68,12015731
8/18/2025 13:30:00,22.63,22.72,22.61,22.72,15982838
8/19/2025 13:30:00,22.72,22.72,22.58,22.6,13139838
8/20/2025 13:30:00,22.53,22.53,22.23,22.26,29664207
8/21/2025 13:30:00,22.32,22.5,22.32,22.46,9115367
8/22/2025 13:30:00,22.51,22.51,22.33,22.4,8987189
8/25/2025 13:30:00,22.63,22.68,22.56,22.62,13625766
8/26/2025 13:30:00,22.61,22.65,22.57,22.61,7457161
8/27/2025 13:30:00,22.66,22.72,22.65,22.67,14022669
8/28/2025 13:30:00,22.65,22.74,22.61,22.67,10914318
8/29/2025 13:30:00,22.77,22.82,22.72,22.72,13125164
9/1/2025 13:30:00,22.63,22.77,22.42,22.52,29461173
9/2/2025 13:30:00,22.6,22.66,22.32,22.41,23924675
9/3/2025 13:30:00,22.41,22.49,22.41,22.43,10241740
9/4/2025 13:30:00,22.64,22.68,22.5,22.5,12744872
9/5/2025 13:30:00,22.62,22.63,22.56,22.63,11068693
9/8/2025 13:30:00,22.69,22.73,22.62,22.66,12810425
9/9/2025 13:30:00,22.7,22.75,22.64,22.71,13616013
9/10/2025 13:30:00,22.77,22.88,22.75,22.84,23700223
9/11/2025 13:30:00,22.9,22.9,22.74,22.74,22396233
9/12/2025 13:30:00,22.84,22.87,22.77,22.84,13143024
9/15/2025 13:30:00,22.86,22.9,22.79,22.86,20724605
9/16/2025 13:30:00,22.92,22.98,22.91,22.97,31906120
9/17/2025 13:30:00,22.98,23.03,22.92,22.93,47326150
9/18/2025 13:30:00,22.49,22.53,22.42,22.53,26663995
9/19/2025 13:30:00,22.53,22.6,22.5,22.59,17028068
9/22/2025 13:30:00,22.6,22.65,22.57,22.58,15102275
9/23/2025 13:30:00,22.6,22.65,22.52,22.56,16053150
9/24/2025 13:30:00,22.59,22.65,22.51,22.56,12584943
9/25/2025 13:30:00,22.53,22.65,22.52,22.53,10854146
9/26/2025 13:30:00,22.51,22.52,22.2,22.32,28771800
9/30/2025 13:30:00,22.39,22.53,22.35,22.43,13241356
10/1/2025 13:30:00,22.45,22.51,22.25,22.3,12567628
10/2/2025 13:30:00,22.35,22.39,22.28,22.3,14134215
10/3/2025 13:30:00,22.31,22.34,22.28,22.32,17876427
10/7/2025 13:30:00,22.33,22.53,22.3,22.44,28020145
10/8/2025 13:30:00,22.44,22.51,22.43,22.49,12328093
10/9/2025 13:30:00,22.59,22.59,22.45,22.49,13602913
10/13/2025 13:30:00,22.1,22.26,22,22.26,24173154
10/14/2025 13:30:00,22.45,22.52,22.13,22.16,19744869
10/15/2025 13:30:00,22.17,22.28,22.09,22.23,8866896
10/16/2025 13:30:00,22.4,22.5,22.38,22.49,18747644
10/17/2025 13:30:00,22.49,22.62,22.44,22.44,14200750
10/20/2025 13:30:00,22.61,22.64,22.55,22.62,19062523
10/21/2025 13:30:00,22.76,22.79,22.68,22.7,17856255
10/22/2025 13:30:00,22.66,22.78,22.63,22.74,10672945
10/23/2025 13:30:00,22.72,22.74,22.69,22.71,6645843
10/27/2025 13:30:00,22.97,22.97,22.82,22.9,17612237
10/28/2025 13:30:00,22.91,22.94,22.75,22.8,7935866
10/29/2025 13:30:00,22.94,23.06,22.94,22.98,22569360
10/30/2025 13:30:00,23,23.03,22.86,23.02,17613405
10/31/2025 13:30:00,23.02,23.06,22.99,23.01,12659433
11/3/2025 13:30:00,22.98,23.04,22.95,22.98,11004151
11/4/2025 13:30:00,23.1,23.13,22.8,22.81,17952305
11/5/2025 13:30:00,22.63,22.82,22.46,22.79,19839872
11/6/2025 13:30:00,22.91,22.94,22.81,22.86,10520022
11/7/2025 13:30:00,22.75,22.75,22.61,22.62,12977441
11/10/2025 13:30:00,22.63,22.64,22.53,22.61,9954247
11/11/2025 13:30:00,22.73,22.77,22.51,22.59,9955880
11/12/2025 13:30:00,22.6,22.63,22.55,22.6,8934458
11/13/2025 13:30:00,22.6,22.73,22.56,22.67,9375781
11/14/2025 13:30:00,22.5,22.61,22.46,22.48,15815461
11/17/2025 13:30:00,22.45,22.45,22.29,22.3,17268536
11/18/2025 13:30:00,22.19,22.19,21.87,21.87,44044006
11/19/2025 13:30:00,21.88,21.99,21.8,21.82,16918184
11/20/2025 13:30:00,22.12,22.23,22.08,22.21,9289558
11/21/2025 13:30:00,21.93,22.05,21.82,21.99,18711465
11/24/2025 13:30:00,22.08,22.12,21.98,22.1,8339688
11/25/2025 13:30:00,22.22,22.22,21.99,21.99,12185820
11/26/2025 13:30:00,22.01,22.39,22.01,22.37,10226160
11/27/2025 13:30:00,22.4,22.59,22.33,22.59,9408397
11/28/2025 13:30:00,22.55,22.57,22.39,22.52,14226103
12/1/2025 13:30:00,22.51,22.58,22.39,22.41,34272941
12/2/2025 13:30:00,22.52,22.6,22.52,22.59,16229936
12/3/2025 13:30:00,22.7,22.74,22.6,22.63,17954941
12/4/2025 13:30:00,22.68,22.74,22.67,22.69,12884033
12/5/2025 13:30:00,22.7,22.76,22.63,22.7,17436938
12/8/2025 13:30:00,22.73,22.75,22.69,22.72,20646740
12/9/2025 13:30:00,22.76,22.8,22.7,22.72,15776236
12/10/2025 13:30:00,22.74,22.81,22.72,22.81,14882019
12/11/2025 13:30:00,22.85,22.88,22.68,22.71,25784870
12/12/2025 13:30:00,22.82,22.92,22.82,22.87,18378451
12/15/2025 13:30:00,22.7,22.87,22.65,22.81,26736443
12/16/2025 13:30:00,22.69,22.73,22.55,22.73,61715274
12/17/2025 13:30:00,22.79,23,22.79,22.99,50107111
12/18/2025 13:30:00,22.37,22.37,22.19,22.2,63159218
12/19/2025 13:30:00,22.27,22.38,22.26,22.38,18297447
12/22/2025 13:30:00,22.49,22.55,22.47,22.5,17766433
12/23/2025 13:30:00,22.5,22.5,22.41,22.42,11773081
12/24/2025 13:30:00,22.54,22.56,22.45,22.46,10850324
12/26/2025 13:30:00,22.5,22.54,22.45,22.48,10813864
12/29/2025 13:30:00,22.53,22.68,22.5,22.62,24975966
12/30/2025 13:30:00,22.59,22.61,22.51,22.55,15886990
12/31/2025 13:30:00,22.58,22.62,22.53,22.61,15020517
1/2/2026 13:30:00,22.6,22.75,22.6,22.67,22187350
1/5/2026 13:30:00,22.66,22.72,22.57,22.62,40585615
1/6/2026 13:30:00,22.64,22.7,22.6,22.66,22476545
1/7/2026 13:30:00,22.71,22.9,22.66,22.89,45956140
1/8/2026 13:30:00,22.92,22.93,22.68,22.68,20571391
1/9/2026 13:30:00,22.7,22.81,22.55,22.67,15027588
1/12/2026 13:30:00,22.8,22.87,22.77,22.83,23187925
1/13/2026 13:30:00,22.98,23.02,22.78,22.86,24002427
1/14/2026 13:30:00,22.92,23.15,22.92,23.07,40110871
1/15/2026 13:30:00,23.11,23.18,23.07,23.08,15688700
1/16/2026 13:30:00,23.11,23.19,23.06,23.15,26259543
1/19/2026 13:30:00,23.12,23.35,23.04,23.25,30550499
1/20/2026 13:30:00,23.23,23.48,23.2,23.33,18755422
1/21/2026 13:30:00,23.25,23.36,23.08,23.12,23791135
1/22/2026 13:30:00,23.25,23.45,23.25,23.36,16929560
1/23/2026 13:30:00,23.48,23.5,23.22,23.27,12672859
1/26/2026 13:30:00,23.26,23.39,23.18,23.39,16603365
1/27/2026 13:30:00,23.57,23.68,23.53,23.61,25016801
1/28/2026 13:30:00,23.68,23.74,23.52,23.59,18391066
1/29/2026 13:30:00,23.5,23.52,23.29,23.36,19673724
1/30/2026 13:30:00,23.21,23.21,22.83,22.92,32177076
2/2/2026 13:30:00,22.74,22.78,22.55,22.66,35868970
2/3/2026 13:30:00,22.97,23.01,22.76,22.87,13913894
2/4/2026 13:30:00,22.77,23.08,22.76,23.03,15922858
2/5/2026 13:30:00,22.95,23.13,22.88,22.94,18467239
2/6/2026 13:30:00,22.8,22.92,22.56,22.89,17123059
2/9/2026 13:30:00,23.1,23.2,22.98,22.99,17614893
2/10/2026 13:30:00,23.08,23.14,23.04,23.11,18389260
2/11/2026 13:30:00,23.15,23.25,23.11,23.22,23574051
2/23/2026 13:30:00,23.41,23.63,23.41,23.47,36325789
2/24/2026 13:30:00,23.5,23.69,23.5,23.62,28514143
2/25/2026 13:30:00,23.66,23.86,23.65,23.73,37858028
2/26/2026 13:30:00,23.76,24.02,23.76,23.93,29105228
3/2/2026 13:30:00,23.69,23.92,23.65,23.86,41346561
3/3/2026 13:30:00,23.85,23.93,23.55,23.57,59096818
3/4/2026 13:30:00,23.3,23.31,22.71,22.71,95265120
3/5/2026 13:30:00,23.08,23.28,22.89,23.1,39685073
3/6/2026 13:30:00,23.01,23.25,22.89,23.25,15360989
3/9/2026 13:30:00,22.56,22.69,21.98,22.59,71029271
3/10/2026 13:30:00,23.02,23.02,22.56,22.71,26379993
3/11/2026 13:30:00,23,23.25,23,23.2,23585275
3/12/2026 13:30:00,23.19,23.2,23.01,23.06,22336418
3/13/2026 13:30:00,22.99,23.18,22.91,23.09,19625185
3/16/2026 13:30:00,23.31,23.38,23.11,23.32,19387258
3/17/2026 13:30:00,23.48,23.58,23.44,23.57,35678025
3/18/2026 13:30:00,23.8,23.84,23.62,23.68,72898090
3/19/2026 13:30:00,22.94,22.96,22.64,22.66,70814092
3/20/2026 13:30:00,22.68,22.73,22.49,22.58,24958628
